Flower,Butterfly,Like
0,0,137
0,1,582
0,2,867
0,3,821
0,4,782
0,5,64
0,6,261
0,7,120
0,8,507
0,9,779
0,10,460
0,11,483
0,12,667
0,13,388
0,14,807
0,15,214
0,16,96
0,17,499
0,18,29
0,19,914
0,20,855
0,21,399
0,22,443
0,23,622
0,24,780
0,25,785
0,26,2
0,27,712
0,28,456
0,29,272
0,30,738
0,31,821
0,32,234
0,33,605
0,34,967
0,35,104
0,36,923
0,37,325
0,38,31
0,39,22
0,40,26
0,41,665
0,42,554
0,43,9
0,44,961
0,45,902
0,46,390
0,47,702
0,48,221
0,49,992
1,0,432
1,1,743
1,2,29
1,3,540
1,4,227
1,5,782
1,6,448
1,7,961
1,8,507
1,9,566
1,10,238
1,11,353
1,12,236
1,13,693
1,14,224
1,15,779
1,16,470
1,17,975
1,18,296
1,19,948
1,20,22
1,21,426
1,22,857
1,23,938
1,24,569
1,25,944
1,26,657
1,27,102
1,28,190
1,29,644
1,30,741
1,31,880
1,32,303
1,33,123
1,34,760
1,35,340
1,36,917
1,37,738
1,38,996
1,39,728
1,40,512
1,41,958
1,42,990
1,43,432
1,44,519
1,45,849
1,46,932
1,47,686
1,48,194
1,49,310
2,0,290
2,1,601
2,2,996
2,3,903
2,4,511
2,5,866
2,6,963
2,7,517
2,8,402
2,9,603
2,10,873
2,11,35
2,12,491
2,13,248
2,14,761
2,15,816
2,16,413
2,17,424
2,18,680
2,19,177
2,20,375
2,21,561
2,22,903
2,23,719
2,24,794
2,25,690
2,26,755
2,27,383
2,28,88
2,29,449
2,30,679
2,31,520
2,32,110
2,33,797
2,34,167
2,35,533
2,36,860
2,37,402
2,38,379
2,39,501
2,40,750
2,41,30
2,42,480
2,43,44
2,44,315
2,45,720
2,46,868
2,47,629
2,48,607
2,49,592
3,0,403
3,1,662
3,2,174
3,3,172
3,4,514
3,5,232
3,6,12
3,7,789
3,8,204
3,9,552
3,10,942
3,11,880
3,12,561
3,13,237
3,14,414
3,15,526
3,16,352
3,17,975
3,18,867
3,19,591
3,20,361
3,21,470
3,22,931
3,23,275
3,24,675
3,25,561
3,26,623
3,27,980
3,28,746
3,29,5
3,30,392
3,31,802
3,32,877
3,33,840
3,34,977
3,35,907
3,36,960
3,37,758
3,38,524
3,39,828
3,40,132
3,41,531
3,42,796
3,43,574
3,44,210
3,45,436
3,46,972
3,47,57
3,48,492
3,49,890
4,0,373
4,1,583
4,2,567
4,3,204
4,4,963
4,5,516
4,6,423
4,7,496
4,8,832
4,9,365
4,10,424
4,11,354
4,12,1
4,13,551
4,14,553
4,15,638
4,16,805
4,17,627
4,18,339
4,19,469
4,20,614
4,21,28
4,22,823
4,23,235
4,24,650
4,25,181
4,26,563
4,27,598
4,28,185
4,29,881
4,30,93
4,31,817
4,32,564
4,33,816
4,34,871
4,35,836
4,36,953
4,37,261
4,38,33
4,39,861
4,40,966
4,41,689
4,42,72
4,43,85
4,44,888
4,45,17
4,46,463
4,47,14
4,48,772
4,49,773
5,0,287
5,1,255
5,2,275
5,3,112
5,4,816
5,5,639
5,6,189
5,7,352
5,8,297
5,9,71
5,10,171
5,11,163
5,12,261
5,13,540
5,14,974
5,15,172
5,16,672
5,17,279
5,18,663
5,19,728
5,20,301
5,21,465
5,22,719
5,23,329
5,24,508
5,25,485
5,26,116
5,27,24
5,28,319
5,29,395
5,30,351
5,31,431
5,32,815
5,33,192
5,34,264
5,35,111
5,36,259
5,37,921
5,38,747
5,39,522
5,40,214
5,41,988
5,42,620
5,43,442
5,44,836
5,45,998
5,46,21
5,47,230
5,48,18
5,49,406
6,0,149
6,1,36
6,2,736
6,3,982
6,4,164
6,5,456
6,6,721
6,7,518
6,8,694
6,9,436
6,10,557
6,11,852
6,12,225
6,13,999
6,14,645
6,15,816
6,16,711
6,17,528
6,18,461
6,19,228
6,20,536
6,21,664
6,22,31
6,23,404
6,24,691
6,25,589
6,26,822
6,27,328
6,28,675
6,29,646
6,30,436
6,31,60
6,32,755
6,33,305
6,34,128
6,35,991
6,36,217
6,37,896
6,38,48
6,39,313
6,40,72
6,41,879
6,42,78
6,43,317
6,44,939
6,45,961
6,46,305
6,47,761
6,48,162
6,49,426
7,0,578
7,1,258
7,2,133
7,3,8
7,4,574
7,5,899
7,6,870
7,7,38
7,8,604
7,9,839
7,10,222
7,11,985
7,12,922
7,13,583
7,14,471
7,15,175
7,16,847
7,17,888
7,18,890
7,19,997
7,20,798
7,21,720
7,22,637
7,23,521
7,24,38
7,25,387
7,26,205
7,27,355
7,28,101
7,29,210
7,30,587
7,31,690
7,32,918
7,33,443
7,34,605
7,35,198
7,36,504
7,37,106
7,38,960
7,39,681
7,40,399
7,41,303
7,42,516
7,43,511
7,44,17
7,45,333
7,46,626
7,47,892
7,48,411
7,49,921
8,0,288
8,1,18
8,2,160
8,3,205
8,4,878
8,5,335
8,6,830
8,7,576
8,8,801
8,9,138
8,10,347
8,11,439
8,12,218
8,13,272
8,14,690
8,15,98
8,16,857
8,17,388
8,18,954
8,19,560
8,20,352
8,21,936
8,22,903
8,23,857
8,24,703
8,25,547
8,26,496
8,27,786
8,28,545
8,29,240
8,30,66
8,31,742
8,32,41
8,33,86
8,34,136
8,35,173
8,36,170
8,37,932
8,38,551
8,39,218
8,40,274
8,41,777
8,42,340
8,43,614
8,44,518
8,45,861
8,46,261
8,47,376
8,48,346
8,49,348
9,0,116
9,1,298
9,2,240
9,3,888
9,4,966
9,5,618
9,6,798
9,7,977
9,8,732
9,9,908
9,10,500
9,11,138
9,12,593
9,13,564
9,14,788
9,15,106
9,16,328
9,17,40
9,18,416
9,19,74
9,20,389
9,21,886
9,22,807
9,23,150
9,24,848
9,25,128
9,26,349
9,27,117
9,28,629
9,29,601
9,30,800
9,31,948
9,32,387
9,33,78
9,34,584
9,35,563
9,36,229
9,37,579
9,38,83
9,39,975
9,40,273
9,41,373
9,42,912
9,43,302
9,44,577
9,45,547
9,46,947
9,47,117
9,48,468
9,49,918
10,0,283
10,1,110
10,2,805
10,3,46
10,4,847
10,5,302
10,6,12
10,7,628
10,8,686
10,9,14
10,10,93
10,11,423
10,12,117
10,13,845
10,14,906
10,15,808
10,16,40
10,17,192
10,18,245
10,19,804
10,20,600
10,21,431
10,22,165
10,23,118
10,24,461
10,25,171
10,26,697
10,27,247
10,28,162
10,29,761
10,30,865
10,31,105
10,32,445
10,33,932
10,34,987
10,35,387
10,36,825
10,37,993
10,38,555
10,39,931
10,40,837
10,41,301
10,42,563
10,43,259
10,44,728
10,45,488
10,46,322
10,47,102
10,48,212
10,49,667
11,0,325
11,1,40
11,2,27
11,3,10
11,4,805
11,5,947
11,6,302
11,7,743
11,8,610
11,9,327
11,10,460
11,11,400
11,12,320
11,13,408
11,14,64
11,15,65
11,16,935
11,17,324
11,18,993
11,19,615
11,20,993
11,21,466
11,22,114
11,23,256
11,24,220
11,25,803
11,26,632
11,27,796
11,28,912
11,29,555
11,30,888
11,31,704
11,32,480
11,33,677
11,34,364
11,35,265
11,36,187
11,37,554
11,38,212
11,39,314
11,40,203
11,41,252
11,42,369
11,43,83
11,44,839
11,45,287
11,46,91
11,47,771
11,48,458
11,49,92
12,0,667
12,1,588
12,2,658
12,3,347
12,4,963
12,5,232
12,6,399
12,7,989
12,8,314
12,9,42
12,10,335
12,11,191
12,12,324
12,13,811
12,14,867
12,15,592
12,16,914
12,17,943
12,18,310
12,19,251
12,20,342
12,21,103
12,22,557
12,23,626
12,24,592
12,25,826
12,26,610
12,27,94
12,28,250
12,29,225
12,30,20
12,31,827
12,32,249
12,33,411
12,34,74
12,35,274
12,36,564
12,37,888
12,38,72
12,39,746
12,40,76
12,41,22
12,42,650
12,43,10
12,44,297
12,45,768
12,46,811
12,47,367
12,48,505
12,49,480
13,0,883
13,1,879
13,2,157
13,3,103
13,4,513
13,5,796
13,6,814
13,7,335
13,8,78
13,9,521
13,10,972
13,11,681
13,12,177
13,13,183
13,14,794
13,15,153
13,16,144
13,17,841
13,18,886
13,19,327
13,20,312
13,21,109
13,22,726
13,23,526
13,24,854
13,25,941
13,26,616
13,27,300
13,28,129
13,29,915
13,30,211
13,31,145
13,32,558
13,33,932
13,34,739
13,35,32
13,36,798
13,37,323
13,38,840
13,39,924
13,40,638
13,41,823
13,42,688
13,43,928
13,44,566
13,45,860
13,46,966
13,47,764
13,48,706
13,49,210
14,0,182
14,1,306
14,2,443
14,3,550
14,4,161
14,5,49
14,6,731
14,7,882
14,8,683
14,9,253
14,10,258
14,11,796
14,12,65
14,13,698
14,14,986
14,15,457
14,16,827
14,17,440
14,18,562
14,19,256
14,20,554
14,21,449
14,22,871
14,23,550
14,24,464
14,25,11
14,26,405
14,27,856
14,28,346
14,29,175
14,30,264
14,31,497
14,32,24
14,33,812
14,34,661
14,35,955
14,36,426
14,37,999
14,38,584
14,39,19
14,40,63
14,41,708
14,42,363
14,43,593
14,44,141
14,45,607
14,46,128
14,47,141
14,48,265
14,49,848
15,0,283
15,1,407
15,2,577
15,3,410
15,4,176
15,5,627
15,6,91
15,7,239
15,8,497
15,9,7
15,10,181
15,11,541
15,12,324
15,13,512
15,14,914
15,15,664
15,16,942
15,17,448
15,18,952
15,19,702
15,20,654
15,21,748
15,22,231
15,23,244
15,24,320
15,25,506
15,26,703
15,27,490
15,28,979
15,29,230
15,30,729
15,31,422
15,32,345
15,33,573
15,34,625
15,35,928
15,36,745
15,37,939
15,38,669
15,39,281
15,40,995
15,41,661
15,42,224
15,43,49
15,44,943
15,45,73
15,46,781
15,47,523
15,48,660
15,49,898
16,0,377
16,1,163
16,2,523
16,3,784
16,4,811
16,5,904
16,6,208
16,7,319
16,8,305
16,9,709
16,10,306
16,11,869
16,12,565
16,13,380
16,14,169
16,15,718
16,16,718
16,17,754
16,18,475
16,19,608
16,20,87
16,21,876
16,22,126
16,23,918
16,24,620
16,25,983
16,26,526
16,27,584
16,28,386
16,29,180
16,30,159
16,31,256
16,32,436
16,33,222
16,34,964
16,35,583
16,36,736
16,37,775
16,38,801
16,39,53
16,40,506
16,41,697
16,42,403
16,43,734
16,44,652
16,45,356
16,46,393
16,47,527
16,48,865
16,49,168
17,0,557
17,1,747
17,2,41
17,3,536
17,4,92
17,5,827
17,6,261
17,7,643
17,8,103
17,9,273
17,10,754
17,11,934
17,12,85
17,13,982
17,14,998
17,15,142
17,16,992
17,17,794
17,18,631
17,19,862
17,20,990
17,21,675
17,22,703
17,23,717
17,24,83
17,25,455
17,26,871
17,27,946
17,28,246
17,29,994
17,30,871
17,31,391
17,32,962
17,33,821
17,34,925
17,35,443
17,36,406
17,37,168
17,38,931
17,39,333
17,40,448
17,41,129
17,42,637
17,43,930
17,44,499
17,45,982
17,46,217
17,47,122
17,48,441
17,49,615
18,0,546
18,1,418
18,2,931
18,3,120
18,4,676
18,5,302
18,6,284
18,7,254
18,8,387
18,9,767
18,10,572
18,11,4
18,12,982
18,13,194
18,14,541
18,15,449
18,16,592
18,17,21
18,18,31
18,19,642
18,20,996
18,21,620
18,22,248
18,23,855
18,24,266
18,25,211
18,26,177
18,27,291
18,28,151
18,29,555
18,30,205
18,31,279
18,32,318
18,33,599
18,34,775
18,35,256
18,36,852
18,37,699
18,38,457
18,39,810
18,40,881
18,41,828
18,42,875
18,43,996
18,44,172
18,45,558
18,46,365
18,47,502
18,48,430
18,49,876
19,0,124
19,1,787
19,2,213
19,3,584
19,4,900
19,5,392
19,6,209
19,7,290
19,8,830
19,9,110
19,10,925
19,11,826
19,12,24
19,13,120
19,14,582
19,15,765
19,16,13
19,17,558
19,18,303
19,19,988
19,20,690
19,21,779
19,22,741
19,23,996
19,24,664
19,25,139
19,26,76
19,27,512
19,28,382
19,29,586
19,30,824
19,31,318
19,32,447
19,33,515
19,34,693
19,35,365
19,36,776
19,37,541
19,38,331
19,39,0
19,40,126
19,41,452
19,42,735
19,43,460
19,44,358
19,45,312
19,46,552
19,47,408
19,48,347
19,49,801
20,0,748
20,1,699
20,2,585
20,3,504
20,4,115
20,5,663
20,6,939
20,7,386
20,8,391
20,9,208
20,10,570
20,11,3
20,12,284
20,13,650
20,14,612
20,15,739
20,16,902
20,17,756
20,18,849
20,19,745
20,20,523
20,21,203
20,22,945
20,23,472
20,24,615
20,25,854
20,26,529
20,27,418
20,28,959
20,29,762
20,30,729
20,31,312
20,32,719
20,33,174
20,34,460
20,35,634
20,36,684
20,37,543
20,38,202
20,39,368
20,40,538
20,41,3
20,42,694
20,43,398
20,44,593
20,45,436
20,46,993
20,47,414
20,48,344
20,49,881
21,0,636
21,1,598
21,2,997
21,3,751
21,4,716
21,5,919
21,6,990
21,7,766
21,8,69
21,9,504
21,10,763
21,11,253
21,12,655
21,13,990
21,14,664
21,15,297
21,16,644
21,17,21
21,18,416
21,19,738
21,20,644
21,21,159
21,22,648
21,23,797
21,24,959
21,25,406
21,26,801
21,27,276
21,28,866
21,29,182
21,30,785
21,31,75
21,32,834
21,33,794
21,34,619
21,35,10
21,36,357
21,37,934
21,38,270
21,39,817
21,40,725
21,41,421
21,42,894
21,43,701
21,44,557
21,45,310
21,46,155
21,47,473
21,48,852
21,49,265
22,0,496
22,1,173
22,2,478
22,3,522
22,4,46
22,5,277
22,6,522
22,7,100
22,8,762
22,9,604
22,10,432
22,11,71
22,12,363
22,13,68
22,14,672
22,15,453
22,16,20
22,17,168
22,18,519
22,19,727
22,20,968
22,21,165
22,22,707
22,23,95
22,24,411
22,25,651
22,26,705
22,27,282
22,28,619
22,29,311
22,30,213
22,31,540
22,32,212
22,33,242
22,34,907
22,35,341
22,36,275
22,37,70
22,38,76
22,39,715
22,40,850
22,41,932
22,42,535
22,43,674
22,44,377
22,45,479
22,46,523
22,47,571
22,48,754
22,49,50
23,0,172
23,1,304
23,2,668
23,3,752
23,4,730
23,5,834
23,6,569
23,7,276
23,8,364
23,9,624
23,10,757
23,11,237
23,12,401
23,13,574
23,14,409
23,15,176
23,16,495
23,17,808
23,18,265
23,19,887
23,20,625
23,21,337
23,22,733
23,23,227
23,24,264
23,25,986
23,26,624
23,27,723
23,28,250
23,29,864
23,30,676
23,31,31
23,32,872
23,33,920
23,34,889
23,35,637
23,36,412
23,37,324
23,38,950
23,39,442
23,40,955
23,41,779
23,42,254
23,43,804
23,44,275
23,45,194
23,46,74
23,47,640
23,48,749
23,49,169
24,0,891
24,1,996
24,2,593
24,3,454
24,4,595
24,5,935
24,6,955
24,7,745
24,8,151
24,9,620
24,10,968
24,11,268
24,12,470
24,13,539
24,14,166
24,15,141
24,16,797
24,17,141
24,18,915
24,19,732
24,20,451
24,21,369
24,22,317
24,23,769
24,24,410
24,25,246
24,26,118
24,27,735
24,28,211
24,29,735
24,30,697
24,31,312
24,32,69
24,33,108
24,34,233
24,35,406
24,36,329
24,37,504
24,38,950
24,39,102
24,40,978
24,41,191
24,42,46
24,43,56
24,44,828
24,45,611
24,46,23
24,47,910
24,48,770
24,49,221
25,0,699
25,1,35
25,2,506
25,3,720
25,4,541
25,5,834
25,6,741
25,7,987
25,8,908
25,9,627
25,10,452
25,11,350
25,12,678
25,13,857
25,14,281
25,15,120
25,16,627
25,17,709
25,18,176
25,19,97
25,20,227
25,21,409
25,22,238
25,23,506
25,24,460
25,25,386
25,26,768
25,27,172
25,28,996
25,29,237
25,30,241
25,31,839
25,32,290
25,33,473
25,34,560
25,35,593
25,36,398
25,37,216
25,38,462
25,39,732
25,40,264
25,41,338
25,42,508
25,43,607
25,44,113
25,45,931
25,46,218
25,47,80
25,48,47
25,49,15
26,0,816
26,1,5
26,2,878
26,3,491
26,4,327
26,5,910
26,6,392
26,7,868
26,8,594
26,9,294
26,10,940
26,11,200
26,12,409
26,13,163
26,14,901
26,15,844
26,16,776
26,17,661
26,18,155
26,19,812
26,20,935
26,21,31
26,22,15
26,23,396
26,24,148
26,25,897
26,26,680
26,27,555
26,28,58
26,29,578
26,30,388
26,31,260
26,32,133
26,33,81
26,34,473
26,35,667
26,36,860
26,37,310
26,38,927
26,39,14
26,40,36
26,41,549
26,42,62
26,43,537
26,44,860
26,45,132
26,46,43
26,47,955
26,48,280
26,49,799
27,0,120
27,1,442
27,2,93
27,3,194
27,4,28
27,5,511
27,6,652
27,7,133
27,8,762
27,9,285
27,10,703
27,11,836
27,12,865
27,13,196
27,14,678
27,15,458
27,16,399
27,17,337
27,18,646
27,19,274
27,20,992
27,21,266
27,22,657
27,23,650
27,24,248
27,25,251
27,26,61
27,27,602
27,28,957
27,29,806
27,30,604
27,31,179
27,32,358
27,33,438
27,34,619
27,35,714
27,36,573
27,37,653
27,38,534
27,39,992
27,40,62
27,41,926
27,42,361
27,43,560
27,44,422
27,45,551
27,46,204
27,47,728
27,48,901
27,49,549
28,0,434
28,1,941
28,2,678
28,3,71
28,4,730
28,5,273
28,6,761
28,7,625
28,8,738
28,9,995
28,10,770
28,11,74
28,12,257
28,13,181
28,14,999
28,15,98
28,16,154
28,17,60
28,18,940
28,19,208
28,20,875
28,21,438
28,22,872
28,23,45
28,24,54
28,25,652
28,26,93
28,27,934
28,28,832
28,29,525
28,30,480
28,31,513
28,32,379
28,33,101
28,34,320
28,35,41
28,36,129
28,37,544
28,38,33
28,39,453
28,40,680
28,41,131
28,42,916
28,43,404
28,44,781
28,45,724
28,46,920
28,47,903
28,48,456
28,49,25
29,0,754
29,1,537
29,2,276
29,3,92
29,4,256
29,5,819
29,6,333
29,7,87
29,8,309
29,9,35
29,10,880
29,11,393
29,12,59
29,13,750
29,14,267
29,15,320
29,16,752
29,17,133
29,18,266
29,19,813
29,20,389
29,21,826
29,22,119
29,23,876
29,24,694
29,25,311
29,26,96
29,27,435
29,28,861
29,29,251
29,30,514
29,31,570
29,32,210
29,33,338
29,34,945
29,35,346
29,36,521
29,37,802
29,38,400
29,39,979
29,40,917
29,41,598
29,42,492
29,43,107
29,44,132
29,45,668
29,46,834
29,47,459
29,48,536
29,49,572
30,0,736
30,1,864
30,2,854
30,3,595
30,4,718
30,5,532
30,6,548
30,7,30
30,8,918
30,9,851
30,10,298
30,11,761
30,12,160
30,13,204
30,14,379
30,15,398
30,16,533
30,17,332
30,18,99
30,19,419
30,20,353
30,21,129
30,22,588
30,23,66
30,24,44
30,25,307
30,26,834
30,27,818
30,28,666
30,29,546
30,30,321
30,31,427
30,32,305
30,33,326
30,34,361
30,35,279
30,36,333
30,37,766
30,38,766
30,39,532
30,40,513
30,41,8
30,42,538
30,43,124
30,44,152
30,45,324
30,46,936
30,47,744
30,48,333
30,49,803
31,0,335
31,1,586
31,2,70
31,3,462
31,4,286
31,5,491
31,6,465
31,7,934
31,8,372
31,9,949
31,10,759
31,11,993
31,12,389
31,13,835
31,14,910
31,15,947
31,16,80
31,17,944
31,18,592
31,19,820
31,20,57
31,21,137
31,22,49
31,23,536
31,24,503
31,25,589
31,26,873
31,27,257
31,28,802
31,29,251
31,30,719
31,31,587
31,32,764
31,33,346
31,34,370
31,35,964
31,36,816
31,37,658
31,38,379
31,39,412
31,40,314
31,41,475
31,42,612
31,43,348
31,44,544
31,45,519
31,46,171
31,47,29
31,48,151
31,49,256
32,0,703
32,1,226
32,2,576
32,3,136
32,4,928
32,5,115
32,6,189
32,7,784
32,8,420
32,9,961
32,10,745
32,11,634
32,12,51
32,13,831
32,14,101
32,15,558
32,16,697
32,17,272
32,18,731
32,19,109
32,20,209
32,21,267
32,22,68
32,23,647
32,24,584
32,25,539
32,26,656
32,27,80
32,28,875
32,29,74
32,30,813
32,31,871
32,32,222
32,33,658
32,34,858
32,35,177
32,36,523
32,37,882
32,38,442
32,39,22
32,40,604
32,41,376
32,42,921
32,43,867
32,44,498
32,45,727
32,46,826
32,47,290
32,48,225
32,49,912
33,0,205
33,1,612
33,2,505
33,3,886
33,4,920
33,5,914
33,6,240
33,7,435
33,8,463
33,9,691
33,10,375
33,11,557
33,12,934
33,13,967
33,14,193
33,15,817
33,16,493
33,17,743
33,18,74
33,19,833
33,20,860
33,21,999
33,22,262
33,23,417
33,24,206
33,25,8
33,26,764
33,27,544
33,28,788
33,29,389
33,30,526
33,31,897
33,32,498
33,33,78
33,34,413
33,35,630
33,36,903
33,37,522
33,38,815
33,39,592
33,40,598
33,41,435
33,42,41
33,43,360
33,44,871
33,45,469
33,46,6
33,47,194
33,48,983
33,49,306
34,0,712
34,1,707
34,2,657
34,3,5
34,4,553
34,5,122
34,6,841
34,7,309
34,8,524
34,9,908
34,10,764
34,11,323
34,12,994
34,13,795
34,14,556
34,15,660
34,16,585
34,17,564
34,18,289
34,19,538
34,20,421
34,21,555
34,22,962
34,23,838
34,24,949
34,25,976
34,26,530
34,27,418
34,28,617
34,29,645
34,30,595
34,31,315
34,32,463
34,33,309
34,34,134
34,35,518
34,36,454
34,37,600
34,38,143
34,39,563
34,40,791
34,41,997
34,42,166
34,43,258
34,44,651
34,45,9
34,46,434
34,47,753
34,48,677
34,49,579
35,0,37
35,1,377
35,2,430
35,3,411
35,4,288
35,5,958
35,6,674
35,7,916
35,8,769
35,9,685
35,10,18
35,11,920
35,12,92
35,13,947
35,14,92
35,15,866
35,16,4
35,17,392
35,18,275
35,19,475
35,20,278
35,21,815
35,22,800
35,23,381
35,24,651
35,25,767
35,26,872
35,27,492
35,28,787
35,29,344
35,30,397
35,31,467
35,32,822
35,33,119
35,34,495
35,35,363
35,36,148
35,37,425
35,38,151
35,39,18
35,40,176
35,41,833
35,42,266
35,43,376
35,44,878
35,45,130
35,46,603
35,47,805
35,48,294
35,49,972
36,0,422
36,1,264
36,2,961
36,3,526
36,4,294
36,5,757
36,6,430
36,7,707
36,8,280
36,9,443
36,10,343
36,11,795
36,12,935
36,13,497
36,14,220
36,15,732
36,16,849
36,17,503
36,18,972
36,19,994
36,20,411
36,21,733
36,22,435
36,23,93
36,24,65
36,25,132
36,26,211
36,27,989
36,28,153
36,29,234
36,30,747
36,31,26
36,32,105
36,33,259
36,34,159
36,35,491
36,36,793
36,37,975
36,38,101
36,39,408
36,40,665
36,41,740
36,42,191
36,43,854
36,44,3
36,45,91
36,46,437
36,47,626
36,48,977
36,49,52
37,0,562
37,1,223
37,2,547
37,3,432
37,4,355
37,5,48
37,6,968
37,7,667
37,8,992
37,9,948
37,10,105
37,11,752
37,12,566
37,13,695
37,14,429
37,15,854
37,16,687
37,17,758
37,18,121
37,19,271
37,20,700
37,21,285
37,22,183
37,23,491
37,24,824
37,25,812
37,26,721
37,27,878
37,28,48
37,29,805
37,30,219
37,31,693
37,32,659
37,33,89
37,34,887
37,35,399
37,36,126
37,37,684
37,38,458
37,39,301
37,40,698
37,41,520
37,42,509
37,43,926
37,44,402
37,45,118
37,46,620
37,47,874
37,48,490
37,49,108
38,0,152
38,1,395
38,2,628
38,3,927
38,4,719
38,5,206
38,6,171
38,7,533
38,8,263
38,9,426
38,10,761
38,11,909
38,12,957
38,13,549
38,14,295
38,15,889
38,16,504
38,17,648
38,18,916
38,19,829
38,20,557
38,21,934
38,22,219
38,23,807
38,24,777
38,25,638
38,26,345
38,27,881
38,28,497
38,29,105
38,30,8
38,31,775
38,32,746
38,33,673
38,34,355
38,35,948
38,36,906
38,37,991
38,38,725
38,39,273
38,40,57
38,41,553
38,42,640
38,43,450
38,44,307
38,45,778
38,46,925
38,47,862
38,48,103
38,49,234
39,0,520
39,1,281
39,2,276
39,3,723
39,4,252
39,5,421
39,6,151
39,7,133
39,8,262
39,9,199
39,10,417
39,11,574
39,12,645
39,13,612
39,14,925
39,15,983
39,16,59
39,17,545
39,18,854
39,19,623
39,20,521
39,21,152
39,22,968
39,23,423
39,24,276
39,25,286
39,26,491
39,27,712
39,28,313
39,29,273
39,30,503
39,31,219
39,32,510
39,33,376
39,34,613
39,35,481
39,36,247
39,37,346
39,38,180
39,39,620
39,40,777
39,41,185
39,42,756
39,43,901
39,44,594
39,45,710
39,46,461
39,47,547
39,48,153
39,49,59
40,0,516
40,1,333
40,2,541
40,3,706
40,4,138
40,5,660
40,6,779
40,7,831
40,8,912
40,9,218
40,10,322
40,11,637
40,12,505
40,13,491
40,14,337
40,15,121
40,16,130
40,17,908
40,18,143
40,19,715
40,20,262
40,21,230
40,22,90
40,23,650
40,24,551
40,25,848
40,26,719
40,27,51
40,28,576
40,29,176
40,30,701
40,31,118
40,32,231
40,33,576
40,34,204
40,35,515
40,36,581
40,37,675
40,38,905
40,39,315
40,40,432
40,41,335
40,42,4
40,43,792
40,44,20
40,45,841
40,46,312
40,47,841
40,48,630
40,49,225
41,0,86
41,1,760
41,2,229
41,3,286
41,4,697
41,5,640
41,6,881
41,7,349
41,8,275
41,9,615
41,10,736
41,11,530
41,12,388
41,13,23
41,14,124
41,15,337
41,16,355
41,17,142
41,18,116
41,19,256
41,20,920
41,21,788
41,22,146
41,23,697
41,24,587
41,25,42
41,26,355
41,27,79
41,28,94
41,29,742
41,30,105
41,31,307
41,32,324
41,33,254
41,34,275
41,35,542
41,36,50
41,37,370
41,38,31
41,39,80
41,40,142
41,41,947
41,42,408
41,43,380
41,44,956
41,45,737
41,46,653
41,47,707
41,48,247
41,49,96
42,0,695
42,1,336
42,2,280
42,3,8
42,4,527
42,5,909
42,6,329
42,7,981
42,8,971
42,9,114
42,10,360
42,11,945
42,12,822
42,13,809
42,14,656
42,15,741
42,16,863
42,17,128
42,18,620
42,19,949
42,20,891
42,21,277
42,22,414
42,23,93
42,24,695
42,25,590
42,26,635
42,27,742
42,28,540
42,29,486
42,30,577
42,31,428
42,32,548
42,33,956
42,34,403
42,35,308
42,36,919
42,37,224
42,38,647
42,39,309
42,40,562
42,41,136
42,42,55
42,43,614
42,44,520
42,45,112
42,46,179
42,47,246
42,48,220
42,49,918
43,0,445
43,1,281
43,2,559
43,3,20
43,4,256
43,5,551
43,6,277
43,7,967
43,8,542
43,9,268
43,10,484
43,11,129
43,12,412
43,13,725
43,14,106
43,15,762
43,16,382
43,17,70
43,18,670
43,19,557
43,20,371
43,21,557
43,22,568
43,23,864
43,24,823
43,25,740
43,26,519
43,27,701
43,28,594
43,29,31
43,30,633
43,31,315
43,32,456
43,33,698
43,34,135
43,35,159
43,36,76
43,37,935
43,38,593
43,39,145
43,40,692
43,41,900
43,42,846
43,43,221
43,44,495
43,45,861
43,46,820
43,47,868
43,48,785
43,49,343
44,0,373
44,1,909
44,2,299
44,3,163
44,4,159
44,5,869
44,6,814
44,7,390
44,8,853
44,9,450
44,10,415
44,11,120
44,12,615
44,13,148
44,14,276
44,15,302
44,16,682
44,17,703
44,18,818
44,19,654
44,20,618
44,21,975
44,22,8
44,23,550
44,24,975
44,25,9
44,26,941
44,27,834
44,28,658
44,29,135
44,30,388
44,31,764
44,32,575
44,33,964
44,34,903
44,35,103
44,36,470
44,37,31
44,38,797
44,39,442
44,40,612
44,41,695
44,42,432
44,43,282
44,44,955
44,45,379
44,46,418
44,47,415
44,48,620
44,49,473
45,0,54
45,1,101
45,2,482
45,3,797
45,4,38
45,5,661
45,6,721
45,7,714
45,8,0
45,9,831
45,10,43
45,11,851
45,12,113
45,13,601
45,14,142
45,15,543
45,16,520
45,17,781
45,18,364
45,19,564
45,20,277
45,21,801
45,22,581
45,23,930
45,24,991
45,25,670
45,26,364
45,27,821
45,28,485
45,29,839
45,30,714
45,31,251
45,32,949
45,33,827
45,34,636
45,35,245
45,36,108
45,37,575
45,38,974
45,39,366
45,40,892
45,41,162
45,42,119
45,43,795
45,44,41
45,45,938
45,46,720
45,47,321
45,48,432
45,49,900
46,0,744
46,1,354
46,2,259
46,3,673
46,4,640
46,5,919
46,6,790
46,7,937
46,8,57
46,9,631
46,10,445
46,11,424
46,12,385
46,13,367
46,14,300
46,15,772
46,16,835
46,17,349
46,18,451
46,19,817
46,20,716
46,21,243
46,22,650
46,23,624
46,24,531
46,25,147
46,26,57
46,27,349
46,28,689
46,29,116
46,30,912
46,31,525
46,32,176
46,33,556
46,34,658
46,35,640
46,36,499
46,37,915
46,38,349
46,39,775
46,40,727
46,41,124
46,42,998
46,43,596
46,44,22
46,45,491
46,46,918
46,47,214
46,48,392
46,49,646
47,0,853
47,1,975
47,2,178
47,3,406
47,4,733
47,5,233
47,6,102
47,7,254
47,8,343
47,9,998
47,10,993
47,11,336
47,12,672
47,13,251
47,14,803
47,15,693
47,16,472
47,17,760
47,18,482
47,19,378
47,20,504
47,21,667
47,22,791
47,23,679
47,24,740
47,25,959
47,26,198
47,27,442
47,28,451
47,29,408
47,30,555
47,31,123
47,32,585
47,33,499
47,34,949
47,35,272
47,36,859
47,37,128
47,38,153
47,39,12
47,40,385
47,41,424
47,42,111
47,43,818
47,44,26
47,45,668
47,46,76
47,47,963
47,48,187
47,49,469
48,0,784
48,1,386
48,2,683
48,3,514
48,4,817
48,5,834
48,6,295
48,7,939
48,8,159
48,9,157
48,10,995
48,11,537
48,12,845
48,13,108
48,14,969
48,15,260
48,16,19
48,17,475
48,18,406
48,19,830
48,20,649
48,21,721
48,22,753
48,23,811
48,24,934
48,25,233
48,26,550
48,27,712
48,28,400
48,29,5
48,30,557
48,31,823
48,32,255
48,33,433
48,34,929
48,35,162
48,36,678
48,37,183
48,38,350
48,39,678
48,40,244
48,41,77
48,42,793
48,43,549
48,44,957
48,45,571
48,46,983
48,47,164
48,48,179
48,49,384
49,0,599
49,1,22
49,2,525
49,3,222
49,4,437
49,5,241
49,6,813
49,7,41
49,8,958
49,9,528
49,10,742
49,11,194
49,12,717
49,13,516
49,14,707
49,15,626
49,16,669
49,17,549
49,18,79
49,19,253
49,20,407
49,21,798
49,22,476
49,23,121
49,24,580
49,25,659
49,26,49
49,27,396
49,28,91
49,29,573
49,30,96
49,31,656
49,32,834
49,33,490
49,34,46
49,35,530
49,36,244
49,37,796
49,38,12
49,39,21
49,40,978
49,41,879
49,42,319
49,43,477
49,44,284
49,45,740
49,46,425
49,47,170
49,48,609
49,49,136
50,0,575
50,1,724
50,2,846
50,3,325
50,4,789
50,5,547
50,6,651
50,7,459
50,8,513
50,9,822
50,10,427
50,11,567
50,12,171
50,13,715
50,14,404
50,15,715
50,16,398
50,17,827
50,18,205
50,19,507
50,20,836
50,21,285
50,22,368
50,23,950
50,24,155
50,25,265
50,26,580
50,27,286
50,28,865
50,29,179
50,30,799
50,31,738
50,32,636
50,33,85
50,34,748
50,35,369
50,36,344
50,37,950
50,38,146
50,39,264
50,40,261
50,41,258
50,42,357
50,43,393
50,44,285
50,45,579
50,46,478
50,47,13
50,48,152
50,49,976
51,0,133
51,1,981
51,2,258
51,3,231
51,4,201
51,5,72
51,6,820
51,7,593
51,8,550
51,9,633
51,10,203
51,11,556
51,12,439
51,13,733
51,14,892
51,15,245
51,16,591
51,17,142
51,18,567
51,19,471
51,20,400
51,21,728
51,22,200
51,23,84
51,24,640
51,25,957
51,26,79
51,27,156
51,28,805
51,29,683
51,30,58
51,31,30
51,32,764
51,33,415
51,34,391
51,35,427
51,36,698
51,37,140
51,38,605
51,39,611
51,40,132
51,41,688
51,42,551
51,43,559
51,44,75
51,45,949
51,46,247
51,47,870
51,48,390
51,49,142
52,0,292
52,1,207
52,2,677
52,3,736
52,4,406
52,5,365
52,6,767
52,7,858
52,8,182
52,9,230
52,10,304
52,11,726
52,12,147
52,13,356
52,14,503
52,15,548
52,16,298
52,17,90
52,18,526
52,19,847
52,20,306
52,21,213
52,22,722
52,23,474
52,24,22
52,25,297
52,26,819
52,27,829
52,28,637
52,29,606
52,30,105
52,31,629
52,32,381
52,33,772
52,34,454
52,35,261
52,36,633
52,37,59
52,38,53
52,39,848
52,40,800
52,41,323
52,42,163
52,43,831
52,44,135
52,45,979
52,46,945
52,47,644
52,48,841
52,49,105
53,0,115
53,1,874
53,2,445
53,3,648
53,4,600
53,5,251
53,6,762
53,7,212
53,8,516
53,9,519
53,10,406
53,11,124
53,12,934
53,13,927
53,14,724
53,15,217
53,16,838
53,17,969
53,18,393
53,19,676
53,20,945
53,21,529
53,22,137
53,23,833
53,24,733
53,25,592
53,26,260
53,27,742
53,28,3
53,29,734
53,30,123
53,31,828
53,32,206
53,33,781
53,34,576
53,35,387
53,36,678
53,37,493
53,38,558
53,39,628
53,40,236
53,41,274
53,42,38
53,43,653
53,44,171
53,45,687
53,46,686
53,47,943
53,48,567
53,49,514
54,0,238
54,1,875
54,2,420
54,3,990
54,4,280
54,5,787
54,6,677
54,7,431
54,8,408
54,9,278
54,10,505
54,11,100
54,12,685
54,13,850
54,14,853
54,15,132
54,16,191
54,17,572
54,18,16
54,19,464
54,20,771
54,21,45
54,22,500
54,23,219
54,24,403
54,25,842
54,26,747
54,27,551
54,28,842
54,29,946
54,30,344
54,31,929
54,32,249
54,33,96
54,34,78
54,35,694
54,36,764
54,37,43
54,38,866
54,39,432
54,40,853
54,41,452
54,42,193
54,43,979
54,44,177
54,45,609
54,46,514
54,47,194
54,48,867
54,49,521
55,0,394
55,1,534
55,2,369
55,3,201
55,4,238
55,5,368
55,6,674
55,7,898
55,8,600
55,9,775
55,10,795
55,11,66
55,12,349
55,13,927
55,14,53
55,15,469
55,16,45
55,17,854
55,18,625
55,19,181
55,20,912
55,21,151
55,22,874
55,23,928
55,24,961
55,25,292
55,26,480
55,27,44
55,28,597
55,29,513
55,30,66
55,31,886
55,32,855
55,33,579
55,34,405
55,35,94
55,36,409
55,37,815
55,38,524
55,39,862
55,40,586
55,41,661
55,42,308
55,43,403
55,44,274
55,45,927
55,46,360
55,47,481
55,48,984
55,49,957
56,0,50
56,1,565
56,2,970
56,3,931
56,4,892
56,5,488
56,6,17
56,7,437
56,8,311
56,9,602
56,10,766
56,11,324
56,12,814
56,13,152
56,14,610
56,15,603
56,16,569
56,17,871
56,18,284
56,19,67
56,20,885
56,21,621
56,22,806
56,23,809
56,24,794
56,25,369
56,26,425
56,27,400
56,28,532
56,29,809
56,30,24
56,31,589
56,32,595
56,33,116
56,34,37
56,35,587
56,36,542
56,37,14
56,38,103
56,39,923
56,40,340
56,41,344
56,42,955
56,43,377
56,44,768
56,45,564
56,46,35
56,47,652
56,48,379
56,49,596
57,0,75
57,1,496
57,2,917
57,3,649
57,4,85
57,5,867
57,6,552
57,7,456
57,8,342
57,9,512
57,10,941
57,11,829
57,12,557
57,13,3
57,14,944
57,15,164
57,16,931
57,17,332
57,18,369
57,19,219
57,20,149
57,21,917
57,22,594
57,23,151
57,24,603
57,25,110
57,26,413
57,27,324
57,28,887
57,29,520
57,30,430
57,31,841
57,32,368
57,33,349
57,34,872
57,35,266
57,36,623
57,37,377
57,38,38
57,39,728
57,40,64
57,41,785
57,42,645
57,43,252
57,44,839
57,45,809
57,46,271
57,47,772
57,48,992
57,49,406
58,0,563
58,1,290
58,2,587
58,3,804
58,4,633
58,5,85
58,6,76
58,7,725
58,8,174
58,9,926
58,10,958
58,11,975
58,12,273
58,13,423
58,14,85
58,15,129
58,16,289
58,17,564
58,18,743
58,19,656
58,20,269
58,21,240
58,22,215
58,23,101
58,24,283
58,25,739
58,26,491
58,27,48
58,28,755
58,29,524
58,30,308
58,31,806
58,32,894
58,33,830
58,34,999
58,35,208
58,36,841
58,37,556
58,38,76
58,39,563
58,40,323
58,41,347
58,42,948
58,43,303
58,44,880
58,45,528
58,46,136
58,47,36
58,48,452
58,49,833
59,0,372
59,1,818
59,2,765
59,3,38
59,4,29
59,5,323
59,6,427
59,7,767
59,8,167
59,9,908
59,10,570
59,11,41
59,12,723
59,13,602
59,14,718
59,15,679
59,16,644
59,17,893
59,18,538
59,19,434
59,20,188
59,21,996
59,22,924
59,23,202
59,24,238
59,25,117
59,26,601
59,27,133
59,28,997
59,29,600
59,30,518
59,31,125
59,32,738
59,33,272
59,34,469
59,35,201
59,36,800
59,37,56
59,38,369
59,39,985
59,40,467
59,41,342
59,42,949
59,43,987
59,44,629
59,45,740
59,46,363
59,47,225
59,48,947
59,49,954
60,0,650
60,1,9
60,2,14
60,3,500
60,4,33
60,5,168
60,6,259
60,7,920
60,8,565
60,9,40
60,10,9
60,11,235
60,12,783
60,13,908
60,14,86
60,15,536
60,16,836
60,17,177
60,18,35
60,19,968
60,20,540
60,21,205
60,22,214
60,23,453
60,24,295
60,25,248
60,26,502
60,27,518
60,28,380
60,29,332
60,30,401
60,31,967
60,32,669
60,33,75
60,34,199
60,35,608
60,36,185
60,37,192
60,38,700
60,39,638
60,40,304
60,41,978
60,42,955
60,43,595
60,44,436
60,45,628
60,46,485
60,47,372
60,48,23
60,49,499
61,0,21
61,1,952
61,2,107
61,3,674
61,4,640
61,5,591
61,6,680
61,7,634
61,8,975
61,9,866
61,10,442
61,11,847
61,12,724
61,13,596
61,14,351
61,15,347
61,16,75
61,17,662
61,18,430
61,19,199
61,20,718
61,21,526
61,22,823
61,23,506
61,24,974
61,25,862
61,26,852
61,27,622
61,28,577
61,29,676
61,30,563
61,31,962
61,32,513
61,33,875
61,34,489
61,35,614
61,36,696
61,37,756
61,38,589
61,39,926
61,40,877
61,41,786
61,42,460
61,43,618
61,44,482
61,45,169
61,46,852
61,47,274
61,48,691
61,49,839
62,0,537
62,1,308
62,2,576
62,3,783
62,4,825
62,5,405
62,6,621
62,7,552
62,8,265
62,9,261
62,10,317
62,11,15
62,12,619
62,13,775
62,14,46
62,15,800
62,16,468
62,17,468
62,18,913
62,19,364
62,20,237
62,21,520
62,22,454
62,23,214
62,24,716
62,25,487
62,26,947
62,27,343
62,28,712
62,29,640
62,30,148
62,31,393
62,32,883
62,33,447
62,34,55
62,35,657
62,36,113
62,37,364
62,38,892
62,39,803
62,40,937
62,41,8
62,42,261
62,43,769
62,44,554
62,45,759
62,46,55
62,47,313
62,48,387
62,49,15
63,0,332
63,1,346
63,2,316
63,3,603
63,4,899
63,5,805
63,6,843
63,7,891
63,8,50
63,9,213
63,10,733
63,11,83
63,12,336
63,13,122
63,14,687
63,15,840
63,16,660
63,17,67
63,18,131
63,19,799
63,20,707
63,21,301
63,22,982
63,23,419
63,24,622
63,25,348
63,26,238
63,27,27
63,28,985
63,29,659
63,30,717
63,31,706
63,32,187
63,33,773
63,34,784
63,35,774
63,36,516
63,37,767
63,38,587
63,39,656
63,40,374
63,41,309
63,42,300
63,43,387
63,44,430
63,45,949
63,46,539
63,47,996
63,48,472
63,49,830
64,0,887
64,1,878
64,2,75
64,3,962
64,4,203
64,5,417
64,6,960
64,7,237
64,8,622
64,9,43
64,10,632
64,11,246
64,12,644
64,13,229
64,14,249
64,15,730
64,16,404
64,17,388
64,18,215
64,19,636
64,20,155
64,21,737
64,22,306
64,23,761
64,24,736
64,25,900
64,26,368
64,27,1
64,28,729
64,29,721
64,30,703
64,31,314
64,32,454
64,33,509
64,34,174
64,35,691
64,36,149
64,37,31
64,38,379
64,39,447
64,40,567
64,41,350
64,42,895
64,43,820
64,44,525
64,45,501
64,46,325
64,47,961
64,48,618
64,49,114
65,0,597
65,1,661
65,2,299
65,3,829
65,4,561
65,5,678
65,6,282
65,7,439
65,8,11
65,9,862
65,10,318
65,11,770
65,12,88
65,13,654
65,14,503
65,15,117
65,16,513
65,17,225
65,18,891
65,19,620
65,20,765
65,21,658
65,22,767
65,23,996
65,24,949
65,25,271
65,26,447
65,27,381
65,28,803
65,29,236
65,30,55
65,31,104
65,32,611
65,33,527
65,34,526
65,35,523
65,36,166
65,37,132
65,38,299
65,39,944
65,40,49
65,41,905
65,42,69
65,43,223
65,44,3
65,45,688
65,46,63
65,47,433
65,48,749
65,49,732
66,0,872
66,1,21
66,2,67
66,3,56
66,4,9
66,5,35
66,6,550
66,7,347
66,8,340
66,9,803
66,10,19
66,11,626
66,12,9
66,13,572
66,14,216
66,15,480
66,16,204
66,17,272
66,18,302
66,19,595
66,20,563
66,21,534
66,22,257
66,23,910
66,24,239
66,25,187
66,26,215
66,27,400
66,28,908
66,29,61
66,30,244
66,31,993
66,32,568
66,33,717
66,34,463
66,35,36
66,36,339
66,37,334
66,38,416
66,39,122
66,40,16
66,41,576
66,42,189
66,43,517
66,44,655
66,45,95
66,46,779
66,47,189
66,48,223
66,49,230
67,0,180
67,1,311
67,2,927
67,3,825
67,4,100
67,5,60
67,6,813
67,7,321
67,8,899
67,9,743
67,10,149
67,11,64
67,12,852
67,13,453
67,14,153
67,15,236
67,16,44
67,17,765
67,18,293
67,19,984
67,20,352
67,21,59
67,22,603
67,23,91
67,24,453
67,25,205
67,26,812
67,27,233
67,28,680
67,29,189
67,30,122
67,31,58
67,32,207
67,33,55
67,34,764
67,35,745
67,36,118
67,37,89
67,38,975
67,39,805
67,40,831
67,41,760
67,42,225
67,43,960
67,44,292
67,45,731
67,46,258
67,47,539
67,48,432
67,49,892
68,0,254
68,1,739
68,2,33
68,3,741
68,4,257
68,5,783
68,6,199
68,7,333
68,8,358
68,9,365
68,10,465
68,11,782
68,12,895
68,13,944
68,14,675
68,15,888
68,16,630
68,17,391
68,18,885
68,19,695
68,20,395
68,21,91
68,22,436
68,23,954
68,24,250
68,25,851
68,26,850
68,27,501
68,28,898
68,29,351
68,30,932
68,31,182
68,32,619
68,33,664
68,34,116
68,35,245
68,36,74
68,37,791
68,38,816
68,39,447
68,40,906
68,41,283
68,42,545
68,43,311
68,44,942
68,45,994
68,46,953
68,47,343
68,48,772
68,49,851
69,0,379
69,1,419
69,2,467
69,3,373
69,4,360
69,5,323
69,6,405
69,7,981
69,8,482
69,9,523
69,10,17
69,11,379
69,12,130
69,13,309
69,14,172
69,15,309
69,16,580
69,17,129
69,18,892
69,19,561
69,20,728
69,21,744
69,22,153
69,23,170
69,24,468
69,25,660
69,26,642
69,27,155
69,28,138
69,29,164
69,30,81
69,31,832
69,32,626
69,33,259
69,34,241
69,35,364
69,36,660
69,37,322
69,38,175
69,39,283
69,40,876
69,41,484
69,42,317
69,43,79
69,44,438
69,45,157
69,46,563
69,47,361
69,48,907
69,49,460
70,0,938
70,1,110
70,2,865
70,3,159
70,4,700
70,5,323
70,6,70
70,7,701
70,8,191
70,9,491
70,10,547
70,11,35
70,12,47
70,13,743
70,14,977
70,15,196
70,16,665
70,17,364
70,18,753
70,19,985
70,20,374
70,21,519
70,22,956
70,23,891
70,24,363
70,25,878
70,26,871
70,27,800
70,28,515
70,29,642
70,30,829
70,31,681
70,32,383
70,33,350
70,34,669
70,35,123
70,36,189
70,37,971
70,38,384
70,39,33
70,40,277
70,41,906
70,42,628
70,43,728
70,44,988
70,45,817
70,46,215
70,47,63
70,48,252
70,49,857
71,0,868
71,1,311
71,2,334
71,3,576
71,4,412
71,5,250
71,6,368
71,7,790
71,8,50
71,9,237
71,10,964
71,11,297
71,12,714
71,13,582
71,14,6
71,15,200
71,16,99
71,17,999
71,18,138
71,19,228
71,20,377
71,21,518
71,22,911
71,23,272
71,24,144
71,25,166
71,26,233
71,27,77
71,28,318
71,29,587
71,30,522
71,31,521
71,32,922
71,33,910
71,34,552
71,35,614
71,36,925
71,37,884
71,38,554
71,39,808
71,40,442
71,41,883
71,42,892
71,43,449
71,44,594
71,45,524
71,46,486
71,47,187
71,48,524
71,49,884
72,0,364
72,1,200
72,2,443
72,3,823
72,4,75
72,5,283
72,6,210
72,7,234
72,8,781
72,9,145
72,10,136
72,11,791
72,12,213
72,13,21
72,14,167
72,15,497
72,16,371
72,17,188
72,18,50
72,19,802
72,20,368
72,21,84
72,22,624
72,23,243
72,24,694
72,25,712
72,26,888
72,27,216
72,28,89
72,29,451
72,30,659
72,31,671
72,32,201
72,33,616
72,34,350
72,35,168
72,36,588
72,37,707
72,38,858
72,39,855
72,40,686
72,41,723
72,42,951
72,43,18
72,44,222
72,45,323
72,46,911
72,47,491
72,48,565
72,49,37
73,0,922
73,1,53
73,2,873
73,3,375
73,4,511
73,5,572
73,6,357
73,7,138
73,8,499
73,9,69
73,10,523
73,11,326
73,12,680
73,13,759
73,14,955
73,15,580
73,16,685
73,17,319
73,18,619
73,19,325
73,20,911
73,21,802
73,22,586
73,23,91
73,24,492
73,25,346
73,26,425
73,27,871
73,28,73
73,29,268
73,30,64
73,31,674
73,32,661
73,33,879
73,34,330
73,35,19
73,36,184
73,37,930
73,38,335
73,39,231
73,40,320
73,41,268
73,42,854
73,43,837
73,44,258
73,45,890
73,46,313
73,47,974
73,48,499
73,49,425
74,0,973
74,1,12
74,2,301
74,3,166
74,4,648
74,5,297
74,6,49
74,7,118
74,8,441
74,9,440
74,10,949
74,11,627
74,12,222
74,13,284
74,14,365
74,15,786
74,16,669
74,17,736
74,18,579
74,19,506
74,20,589
74,21,288
74,22,623
74,23,262
74,24,691
74,25,176
74,26,330
74,27,146
74,28,360
74,29,96
74,30,406
74,31,365
74,32,534
74,33,762
74,34,580
74,35,713
74,36,894
74,37,196
74,38,405
74,39,460
74,40,153
74,41,852
74,42,492
74,43,994
74,44,714
74,45,248
74,46,38
74,47,747
74,48,655
74,49,253
75,0,80
75,1,758
75,2,72
75,3,39
75,4,531
75,5,519
75,6,482
75,7,583
75,8,495
75,9,716
75,10,335
75,11,939
75,12,532
75,13,814
75,14,174
75,15,576
75,16,725
75,17,509
75,18,407
75,19,13
75,20,395
75,21,565
75,22,741
75,23,575
75,24,850
75,25,759
75,26,461
75,27,169
75,28,607
75,29,602
75,30,382
75,31,52
75,32,860
75,33,743
75,34,377
75,35,841
75,36,361
75,37,448
75,38,243
75,39,704
75,40,660
75,41,678
75,42,559
75,43,310
75,44,871
75,45,90
75,46,452
75,47,776
75,48,892
75,49,365
76,0,199
76,1,165
76,2,137
76,3,452
76,4,952
76,5,852
76,6,46
76,7,977
76,8,372
76,9,580
76,10,345
76,11,993
76,12,827
76,13,177
76,14,582
76,15,502
76,16,489
76,17,8
76,18,589
76,19,239
76,20,905
76,21,897
76,22,624
76,23,60
76,24,454
76,25,670
76,26,167
76,27,521
76,28,213
76,29,409
76,30,477
76,31,126
76,32,322
76,33,268
76,34,141
76,35,173
76,36,337
76,37,134
76,38,184
76,39,824
76,40,933
76,41,759
76,42,632
76,43,542
76,44,315
76,45,239
76,46,567
76,47,723
76,48,437
76,49,479
77,0,468
77,1,522
77,2,565
77,3,318
77,4,173
77,5,532
77,6,630
77,7,519
77,8,978
77,9,316
77,10,606
77,11,862
77,12,806
77,13,211
77,14,289
77,15,689
77,16,158
77,17,698
77,18,6
77,19,832
77,20,348
77,21,121
77,22,435
77,23,389
77,24,730
77,25,670
77,26,525
77,27,752
77,28,183
77,29,632
77,30,908
77,31,450
77,32,460
77,33,834
77,34,546
77,35,452
77,36,372
77,37,855
77,38,211
77,39,55
77,40,87
77,41,739
77,42,109
77,43,99
77,44,551
77,45,396
77,46,140
77,47,454
77,48,406
77,49,186
78,0,486
78,1,459
78,2,534
78,3,873
78,4,607
78,5,37
78,6,601
78,7,198
78,8,969
78,9,999
78,10,604
78,11,460
78,12,500
78,13,399
78,14,297
78,15,934
78,16,357
78,17,794
78,18,774
78,19,177
78,20,862
78,21,612
78,22,279
78,23,184
78,24,898
78,25,794
78,26,28
78,27,569
78,28,62
78,29,817
78,30,687
78,31,66
78,32,998
78,33,950
78,34,563
78,35,235
78,36,456
78,37,870
78,38,326
78,39,452
78,40,343
78,41,910
78,42,763
78,43,104
78,44,397
78,45,55
78,46,765
78,47,479
78,48,284
78,49,952
79,0,419
79,1,476
79,2,339
79,3,519
79,4,98
79,5,168
79,6,410
79,7,554
79,8,886
79,9,437
79,10,904
79,11,909
79,12,628
79,13,758
79,14,876
79,15,489
79,16,517
79,17,152
79,18,327
79,19,149
79,20,358
79,21,994
79,22,140
79,23,625
79,24,198
79,25,230
79,26,805
79,27,830
79,28,221
79,29,908
79,30,464
79,31,665
79,32,898
79,33,159
79,34,105
79,35,715
79,36,105
79,37,435
79,38,53
79,39,464
79,40,155
79,41,383
79,42,573
79,43,329
79,44,960
79,45,286
79,46,407
79,47,14
79,48,396
79,49,498
80,0,733
80,1,456
80,2,308
80,3,758
80,4,729
80,5,310
80,6,659
80,7,595
80,8,396
80,9,320
80,10,869
80,11,771
80,12,296
80,13,178
80,14,102
80,15,501
80,16,184
80,17,456
80,18,157
80,19,469
80,20,108
80,21,551
80,22,126
80,23,549
80,24,326
80,25,323
80,26,843
80,27,506
80,28,974
80,29,693
80,30,572
80,31,957
80,32,650
80,33,349
80,34,741
80,35,595
80,36,327
80,37,575
80,38,606
80,39,818
80,40,473
80,41,331
80,42,496
80,43,707
80,44,403
80,45,843
80,46,549
80,47,929
80,48,223
80,49,170
81,0,246
81,1,549
81,2,204
81,3,879
81,4,608
81,5,955
81,6,251
81,7,52
81,8,799
81,9,328
81,10,927
81,11,634
81,12,777
81,13,63
81,14,336
81,15,429
81,16,965
81,17,30
81,18,352
81,19,368
81,20,370
81,21,614
81,22,609
81,23,902
81,24,676
81,25,893
81,26,418
81,27,214
81,28,805
81,29,923
81,30,874
81,31,295
81,32,928
81,33,229
81,34,321
81,35,406
81,36,715
81,37,393
81,38,685
81,39,792
81,40,179
81,41,8
81,42,398
81,43,666
81,44,923
81,45,991
81,46,982
81,47,358
81,48,618
81,49,802
82,0,798
82,1,630
82,2,859
82,3,915
82,4,227
82,5,239
82,6,67
82,7,842
82,8,626
82,9,327
82,10,393
82,11,208
82,12,727
82,13,892
82,14,300
82,15,98
82,16,444
82,17,4
82,18,827
82,19,359
82,20,95
82,21,827
82,22,417
82,23,974
82,24,156
82,25,114
82,26,546
82,27,809
82,28,750
82,29,837
82,30,183
82,31,771
82,32,348
82,33,147
82,34,384
82,35,447
82,36,333
82,37,555
82,38,892
82,39,653
82,40,967
82,41,717
82,42,535
82,43,996
82,44,283
82,45,964
82,46,960
82,47,213
82,48,198
82,49,162
83,0,168
83,1,993
83,2,550
83,3,164
83,4,987
83,5,991
83,6,150
83,7,122
83,8,452
83,9,598
83,10,534
83,11,133
83,12,441
83,13,137
83,14,870
83,15,341
83,16,621
83,17,812
83,18,750
83,19,719
83,20,697
83,21,324
83,22,608
83,23,140
83,24,21
83,25,367
83,26,797
83,27,178
83,28,231
83,29,240
83,30,709
83,31,508
83,32,606
83,33,500
83,34,35
83,35,944
83,36,667
83,37,91
83,38,136
83,39,545
83,40,480
83,41,578
83,42,146
83,43,214
83,44,369
83,45,725
83,46,141
83,47,286
83,48,915
83,49,758
84,0,356
84,1,66
84,2,392
84,3,486
84,4,30
84,5,541
84,6,472
84,7,908
84,8,201
84,9,736
84,10,246
84,11,211
84,12,705
84,13,930
84,14,816
84,15,5
84,16,739
84,17,713
84,18,311
84,19,43
84,20,273
84,21,839
84,22,531
84,23,193
84,24,73
84,25,816
84,26,108
84,27,832
84,28,822
84,29,789
84,30,877
84,31,112
84,32,887
84,33,409
84,34,339
84,35,107
84,36,456
84,37,735
84,38,952
84,39,590
84,40,535
84,41,727
84,42,667
84,43,494
84,44,683
84,45,287
84,46,146
84,47,441
84,48,380
84,49,663
85,0,357
85,1,954
85,2,768
85,3,392
85,4,421
85,5,446
85,6,376
85,7,988
85,8,562
85,9,945
85,10,210
85,11,200
85,12,66
85,13,148
85,14,243
85,15,245
85,16,21
85,17,246
85,18,685
85,19,403
85,20,467
85,21,803
85,22,631
85,23,451
85,24,581
85,25,97
85,26,55
85,27,176
85,28,834
85,29,840
85,30,838
85,31,539
85,32,7
85,33,45
85,34,440
85,35,874
85,36,804
85,37,285
85,38,425
85,39,135
85,40,880
85,41,241
85,42,711
85,43,790
85,44,676
85,45,383
85,46,927
85,47,424
85,48,797
85,49,350
86,0,599
86,1,765
86,2,48
86,3,518
86,4,465
86,5,132
86,6,705
86,7,941
86,8,535
86,9,372
86,10,598
86,11,61
86,12,357
86,13,120
86,14,861
86,15,882
86,16,251
86,17,650
86,18,654
86,19,127
86,20,447
86,21,973
86,22,152
86,23,824
86,24,19
86,25,374
86,26,133
86,27,154
86,28,295
86,29,25
86,30,483
86,31,653
86,32,27
86,33,494
86,34,68
86,35,768
86,36,815
86,37,603
86,38,441
86,39,94
86,40,481
86,41,557
86,42,617
86,43,513
86,44,99
86,45,131
86,46,551
86,47,868
86,48,690
86,49,723
87,0,966
87,1,403
87,2,658
87,3,616
87,4,557
87,5,974
87,6,419
87,7,247
87,8,933
87,9,535
87,10,388
87,11,489
87,12,852
87,13,751
87,14,324
87,15,448
87,16,119
87,17,68
87,18,215
87,19,606
87,20,625
87,21,886
87,22,714
87,23,378
87,24,106
87,25,98
87,26,363
87,27,108
87,28,904
87,29,928
87,30,200
87,31,113
87,32,706
87,33,669
87,34,605
87,35,89
87,36,3
87,37,524
87,38,442
87,39,933
87,40,987
87,41,240
87,42,93
87,43,314
87,44,499
87,45,626
87,46,63
87,47,587
87,48,439
87,49,573
88,0,305
88,1,401
88,2,643
88,3,41
88,4,686
88,5,609
88,6,29
88,7,283
88,8,930
88,9,635
88,10,489
88,11,448
88,12,224
88,13,275
88,14,931
88,15,890
88,16,329
88,17,793
88,18,994
88,19,971
88,20,489
88,21,452
88,22,546
88,23,56
88,24,275
88,25,526
88,26,177
88,27,763
88,28,723
88,29,448
88,30,466
88,31,302
88,32,599
88,33,604
88,34,186
88,35,328
88,36,522
88,37,996
88,38,674
88,39,407
88,40,777
88,41,990
88,42,682
88,43,709
88,44,423
88,45,701
88,46,573
88,47,611
88,48,407
88,49,488
89,0,770
89,1,645
89,2,225
89,3,313
89,4,17
89,5,64
89,6,151
89,7,505
89,8,996
89,9,841
89,10,914
89,11,118
89,12,846
89,13,368
89,14,265
89,15,865
89,16,858
89,17,316
89,18,808
89,19,554
89,20,900
89,21,310
89,22,141
89,23,109
89,24,513
89,25,141
89,26,466
89,27,871
89,28,38
89,29,456
89,30,480
89,31,747
89,32,583
89,33,932
89,34,333
89,35,554
89,36,380
89,37,128
89,38,728
89,39,999
89,40,14
89,41,550
89,42,206
89,43,788
89,44,275
89,45,637
89,46,829
89,47,66
89,48,803
89,49,473
90,0,290
90,1,12
90,2,662
90,3,272
90,4,742
90,5,984
90,6,513
90,7,708
90,8,22
90,9,579
90,10,411
90,11,114
90,12,100
90,13,701
90,14,329
90,15,619
90,16,634
90,17,652
90,18,712
90,19,704
90,20,586
90,21,950
90,22,908
90,23,458
90,24,93
90,25,625
90,26,510
90,27,542
90,28,351
90,29,603
90,30,894
90,31,695
90,32,44
90,33,192
90,34,173
90,35,56
90,36,631
90,37,119
90,38,825
90,39,43
90,40,120
90,41,568
90,42,542
90,43,312
90,44,771
90,45,803
90,46,205
90,47,165
90,48,546
90,49,153
91,0,233
91,1,886
91,2,222
91,3,91
91,4,515
91,5,361
91,6,919
91,7,706
91,8,860
91,9,576
91,10,445
91,11,273
91,12,629
91,13,137
91,14,292
91,15,591
91,16,831
91,17,254
91,18,71
91,19,876
91,20,610
91,21,271
91,22,58
91,23,955
91,24,22
91,25,442
91,26,625
91,27,988
91,28,289
91,29,863
91,30,486
91,31,432
91,32,446
91,33,860
91,34,828
91,35,69
91,36,189
91,37,219
91,38,786
91,39,695
91,40,34
91,41,953
91,42,652
91,43,843
91,44,775
91,45,439
91,46,976
91,47,869
91,48,424
91,49,363
92,0,963
92,1,363
92,2,523
92,3,932
92,4,151
92,5,183
92,6,808
92,7,231
92,8,234
92,9,829
92,10,964
92,11,60
92,12,374
92,13,68
92,14,888
92,15,457
92,16,329
92,17,833
92,18,222
92,19,224
92,20,263
92,21,158
92,22,707
92,23,912
92,24,721
92,25,533
92,26,390
92,27,109
92,28,489
92,29,701
92,30,749
92,31,920
92,32,952
92,33,800
92,34,626
92,35,1
92,36,483
92,37,319
92,38,268
92,39,795
92,40,812
92,41,718
92,42,298
92,43,919
92,44,213
92,45,817
92,46,135
92,47,706
92,48,651
92,49,389
93,0,678
93,1,35
93,2,806
93,3,786
93,4,391
93,5,468
93,6,548
93,7,885
93,8,24
93,9,134
93,10,237
93,11,877
93,12,505
93,13,660
93,14,101
93,15,907
93,16,303
93,17,718
93,18,639
93,19,446
93,20,205
93,21,528
93,22,341
93,23,100
93,24,254
93,25,248
93,26,503
93,27,588
93,28,118
93,29,182
93,30,508
93,31,367
93,32,723
93,33,658
93,34,965
93,35,609
93,36,649
93,37,915
93,38,639
93,39,443
93,40,409
93,41,566
93,42,995
93,43,431
93,44,857
93,45,772
93,46,24
93,47,640
93,48,408
93,49,968
94,0,889
94,1,144
94,2,435
94,3,130
94,4,62
94,5,299
94,6,397
94,7,631
94,8,440
94,9,653
94,10,97
94,11,206
94,12,612
94,13,277
94,14,490
94,15,609
94,16,432
94,17,270
94,18,520
94,19,849
94,20,785
94,21,109
94,22,333
94,23,801
94,24,966
94,25,156
94,26,574
94,27,731
94,28,550
94,29,800
94,30,265
94,31,966
94,32,688
94,33,923
94,34,693
94,35,25
94,36,575
94,37,676
94,38,750
94,39,932
94,40,99
94,41,788
94,42,379
94,43,465
94,44,271
94,45,768
94,46,96
94,47,290
94,48,142
94,49,822
95,0,86
95,1,416
95,2,722
95,3,994
95,4,389
95,5,28
95,6,490
95,7,596
95,8,736
95,9,133
95,10,793
95,11,784
95,12,573
95,13,993
95,14,400
95,15,503
95,16,820
95,17,861
95,18,790
95,19,238
95,20,521
95,21,28
95,22,385
95,23,822
95,24,63
95,25,420
95,26,615
95,27,86
95,28,255
95,29,688
95,30,40
95,31,922
95,32,465
95,33,85
95,34,300
95,35,625
95,36,40
95,37,355
95,38,787
95,39,43
95,40,69
95,41,74
95,42,847
95,43,46
95,44,598
95,45,314
95,46,362
95,47,315
95,48,92
95,49,550
96,0,481
96,1,635
96,2,366
96,3,870
96,4,334
96,5,876
96,6,787
96,7,175
96,8,909
96,9,642
96,10,363
96,11,897
96,12,538
96,13,255
96,14,335
96,15,617
96,16,238
96,17,254
96,18,649
96,19,790
96,20,718
96,21,222
96,22,318
96,23,979
96,24,313
96,25,851
96,26,549
96,27,330
96,28,731
96,29,309
96,30,601
96,31,4
96,32,672
96,33,492
96,34,258
96,35,894
96,36,673
96,37,803
96,38,235
96,39,151
96,40,995
96,41,247
96,42,881
96,43,165
96,44,86
96,45,265
96,46,408
96,47,207
96,48,141
96,49,168
97,0,834
97,1,566
97,2,988
97,3,936
97,4,814
97,5,875
97,6,858
97,7,636
97,8,75
97,9,323
97,10,395
97,11,930
97,12,722
97,13,216
97,14,162
97,15,39
97,16,456
97,17,221
97,18,410
97,19,809
97,20,115
97,21,717
97,22,918
97,23,318
97,24,790
97,25,225
97,26,738
97,27,652
97,28,296
97,29,523
97,30,813
97,31,667
97,32,456
97,33,344
97,34,85
97,35,70
97,36,72
97,37,843
97,38,236
97,39,122
97,40,536
97,41,474
97,42,731
97,43,847
97,44,569
97,45,469
97,46,10
97,47,615
97,48,975
97,49,171
98,0,469
98,1,443
98,2,553
98,3,112
98,4,196
98,5,15
98,6,249
98,7,315
98,8,219
98,9,531
98,10,621
98,11,301
98,12,930
98,13,315
98,14,270
98,15,942
98,16,357
98,17,272
98,18,294
98,19,48
98,20,29
98,21,895
98,22,10
98,23,641
98,24,799
98,25,875
98,26,451
98,27,43
98,28,211
98,29,78
98,30,323
98,31,463
98,32,677
98,33,311
98,34,117
98,35,252
98,36,689
98,37,890
98,38,113
98,39,197
98,40,30
98,41,199
98,42,651
98,43,927
98,44,138
98,45,638
98,46,610
98,47,702
98,48,905
98,49,684
99,0,997
99,1,26
99,2,450
99,3,746
99,4,29
99,5,572
99,6,232
99,7,850
99,8,486
99,9,177
99,10,857
99,11,544
99,12,972
99,13,938
99,14,9
99,15,229
99,16,141
99,17,64
99,18,16
99,19,892
99,20,140
99,21,328
99,22,935
99,23,590
99,24,86
99,25,529
99,26,552
99,27,267
99,28,199
99,29,407
99,30,8
99,31,556
99,32,286
99,33,360
99,34,265
99,35,555
99,36,394
99,37,894
99,38,413
99,39,542
99,40,541
99,41,546
99,42,476
99,43,285
99,44,90
99,45,184
99,46,777
99,47,490
99,48,576
99,49,403
